year,level_1,value
2010,Premium Thai Rice (Per 5 Kilogram),12.43
2010,Ordinary White Bread (Per 400 Gram),1.4
2010,Vitamin Enriched Bread (Per 400 Gram),1.63
2010,Wholemeal Bread (Per 400 Gram),na
2010,Instant Noodles (Per 5 Packets),2.16
2010,"Lean Pork, Chilled (Per Kilogram)",12.66
2010,"Streaky Pork, Chilled (Per Kilogram)",13.62
2010,"Pork Rib Bones, Chilled (Per Kilogram)",15.84
2010,"Beef, Chilled (Per Kilogram)",na
2010,"Mutton, Chilled (Per Kilogram)",15.12
2010,"Whole Chicken, Chilled (Per Kilogram)",5.54
2010,"Chicken Wing, Chilled (Per Kilogram)",na
2010,"Duck, Chilled (Per Kilogram)",6.59
2010,"Lean Pork, Frozen (Per 500 Gram)",na
2010,"Pork Rib Bones, Frozen (Per 500 Gram)",na
2010,Cod Fish (Per Kilogram),39.79
2010,Gold Banded Scad (Kuning) (Per Kilogram),5.71
2010,Flowery Grouper (Per Kilogram),13.09
2010,White Pomfret (Per Kilogram),21.85
2010,Salmon (Per Kilogram),25.1
2010,Sea Bass (Per Kilogram),10.67
2010,Sea Bream (Ang Ko Li) (Per Kilogram),7.22
2010,Golden Snapper (Per Kilogram),15.43
2010,Spanish Mackerel (Batang) (Per Kilogram),10.15
2010,Threadfin (Kurau) (Per Kilogram),42.77
2010,Small Prawns (Per Kilogram),10.02
2010,Medium Prawns (Per Kilogram),15.98
2010,Squids (Per Kilogram),9.81
2010,Fresh Milk (Per Litre),2.76
2010,Infant Milk Powder (Per 100 Gram),3.94
2010,Cheese (Per 12 Slices),4.76
2010,Hen Eggs (Per 10),1.85
2010,Cooking Oil (Per 2 Kilogram),5.52
2010,Bananas (Per Kilogram),1.51
2010,Papaya (Per Kilogram),1.55
2010,Watermelon (Per Kilogram),1.16
2010,Grapes (Per Kilogram),7.68
2010,Orange (Each),0.34
2010,Apple (Each),0.37
2010,Pear (Each),0.88
2010,Broccoli (Per Kilogram),6.83
2010,Cabbage (Per Kilogram),1.73
2010,Chinese Kale (Kailan) (Per Kilogram),4.02
2010,Small Mustard (Chye Sim) (Per Kilogram),2.81
2010,Spinach (Bayam) (Per Kilogram),2.64
2010,Tomatoes (Per Kilogram),2.03
2010,Potatoes (Per Kilogram),1.59
2010,Carrots (Per Kilogram),1.9
2010,White Sugar (Per 2 Kilogram),3.16
2010,Instant Coffee (Per 200 Gram),9.33
2010,Aerated Soft Drinks (Per 4 Cans),na
2010,Non-aerated Soft Drinks (Per 6 Packets),2.32
2010,Beer (Per 6 Cans),na
2010,Cigarettes (Per Pack),10.66
2010,Coffee/tea Without Milk (Per Cup),na
2010,Coffee/tea With Milk (Per Cup),na
2010,Fishball Noodle (Per Bowl),na
2010,Mee Rebus (Per Bowl),na
2010,Chicken Rice (Per Plate),na
2010,Chicken Nasi Briyani (Per Plate),na
2010,Economical Rice (1 Meat & 2 Vegetables) (Per Plate),na
2010,Roti Prata (Plain) (Per Piece),na
2010,Fried Carrot Cake (Per Plate),na
2010,Ice Kachang (Per Bowl),na
2010,Diesel (Per Litre),1.22
2010,"Petrol, 98 Octane (Per Litre)",1.84
2010,"Petrol, 95 Octane (Per Litre)",1.75
2010,"Petrol, 92 Octane (Per Litre)",1.69
2010,Liquefied Petroleum Gas (LPG) (Per Kilogram),2.15
2011,Premium Thai Rice (Per 5 Kilogram),12.45
2011,Ordinary White Bread (Per 400 Gram),1.45
2011,Vitamin Enriched Bread (Per 400 Gram),1.6
2011,Wholemeal Bread (Per 400 Gram),na
2011,Instant Noodles (Per 5 Packets),2.23
2011,"Lean Pork, Chilled (Per Kilogram)",12.75
2011,"Streaky Pork, Chilled (Per Kilogram)",13.91
2011,"Pork Rib Bones, Chilled (Per Kilogram)",16.13
2011,"Beef, Chilled (Per Kilogram)",na
2011,"Mutton, Chilled (Per Kilogram)",17.6
2011,"Whole Chicken, Chilled (Per Kilogram)",5.82
2011,"Chicken Wing, Chilled (Per Kilogram)",na
2011,"Duck, Chilled (Per Kilogram)",6.78
2011,"Lean Pork, Frozen (Per 500 Gram)",na
2011,"Pork Rib Bones, Frozen (Per 500 Gram)",na
2011,Cod Fish (Per Kilogram),46.3
2011,Gold Banded Scad (Kuning) (Per Kilogram),6.11
2011,Flowery Grouper (Per Kilogram),14.28
2011,White Pomfret (Per Kilogram),24.28
2011,Salmon (Per Kilogram),26.17
2011,Sea Bass (Per Kilogram),12.15
2011,Sea Bream (Ang Ko Li) (Per Kilogram),7.56
2011,Golden Snapper (Per Kilogram),16.74
2011,Spanish Mackerel (Batang) (Per Kilogram),10.44
2011,Threadfin (Kurau) (Per Kilogram),44.36
2011,Small Prawns (Per Kilogram),10.47
2011,Medium Prawns (Per Kilogram),16.91
2011,Squids (Per Kilogram),11.15
2011,Fresh Milk (Per Litre),2.85
2011,Infant Milk Powder (Per 100 Gram),4.31
2011,Cheese (Per 12 Slices),5.06
2011,Hen Eggs (Per 10),1.98
2011,Cooking Oil (Per 2 Kilogram),6.04
2011,Bananas (Per Kilogram),1.56
2011,Papaya (Per Kilogram),1.68
2011,Watermelon (Per Kilogram),1.31
2011,Grapes (Per Kilogram),7.66
2011,Orange (Each),0.34
2011,Apple (Each),0.38
2011,Pear (Each),0.92
2011,Broccoli (Per Kilogram),6.8
2011,Cabbage (Per Kilogram),1.81
2011,Chinese Kale (Kailan) (Per Kilogram),4.11
2011,Small Mustard (Chye Sim) (Per Kilogram),3.16
2011,Spinach (Bayam) (Per Kilogram),2.83
2011,Tomatoes (Per Kilogram),1.96
2011,Potatoes (Per Kilogram),1.79
2011,Carrots (Per Kilogram),1.95
2011,White Sugar (Per 2 Kilogram),3.37
2011,Instant Coffee (Per 200 Gram),9.79
2011,Aerated Soft Drinks (Per 4 Cans),na
2011,Non-aerated Soft Drinks (Per 6 Packets),2.36
2011,Beer (Per 6 Cans),na
2011,Cigarettes (Per Pack),10.73
2011,Coffee/tea Without Milk (Per Cup),na
2011,Coffee/tea With Milk (Per Cup),na
2011,Fishball Noodle (Per Bowl),na
2011,Mee Rebus (Per Bowl),na
2011,Chicken Rice (Per Plate),na
2011,Chicken Nasi Briyani (Per Plate),na
2011,Economical Rice (1 Meat & 2 Vegetables) (Per Plate),na
2011,Roti Prata (Plain) (Per Piece),na
2011,Fried Carrot Cake (Per Plate),na
2011,Ice Kachang (Per Bowl),na
2011,Diesel (Per Litre),1.46
2011,"Petrol, 98 Octane (Per Litre)",2.04
2011,"Petrol, 95 Octane (Per Litre)",1.96
2011,"Petrol, 92 Octane (Per Litre)",1.9
2011,Liquefied Petroleum Gas (LPG) (Per Kilogram),2.35
2012,Premium Thai Rice (Per 5 Kilogram),12.67
2012,Ordinary White Bread (Per 400 Gram),1.46
2012,Vitamin Enriched Bread (Per 400 Gram),1.6
2012,Wholemeal Bread (Per 400 Gram),na
2012,Instant Noodles (Per 5 Packets),2.23
2012,"Lean Pork, Chilled (Per Kilogram)",13.07
2012,"Streaky Pork, Chilled (Per Kilogram)",14.4
2012,"Pork Rib Bones, Chilled (Per Kilogram)",16.48
2012,"Beef, Chilled (Per Kilogram)",na
2012,"Mutton, Chilled (Per Kilogram)",17.79
2012,"Whole Chicken, Chilled (Per Kilogram)",5.87
2012,"Chicken Wing, Chilled (Per Kilogram)",na
2012,"Duck, Chilled (Per Kilogram)",6.75
2012,"Lean Pork, Frozen (Per 500 Gram)",na
2012,"Pork Rib Bones, Frozen (Per 500 Gram)",na
2012,Cod Fish (Per Kilogram),48.85
2012,Gold Banded Scad (Kuning) (Per Kilogram),6.57
2012,Flowery Grouper (Per Kilogram),14.62
2012,White Pomfret (Per Kilogram),24.76
2012,Salmon (Per Kilogram),25.41
2012,Sea Bass (Per Kilogram),12.46
2012,Sea Bream (Ang Ko Li) (Per Kilogram),8.27
2012,Golden Snapper (Per Kilogram),16.77
2012,Spanish Mackerel (Batang) (Per Kilogram),10.97
2012,Threadfin (Kurau) (Per Kilogram),44.8
2012,Small Prawns (Per Kilogram),11.17
2012,Medium Prawns (Per Kilogram),17.23
2012,Squids (Per Kilogram),11.32
2012,Fresh Milk (Per Litre),2.88
2012,Infant Milk Powder (Per 100 Gram),4.48
2012,Cheese (Per 12 Slices),5.07
2012,Hen Eggs (Per 10),1.88
2012,Cooking Oil (Per 2 Kilogram),5.99
2012,Bananas (Per Kilogram),1.65
2012,Papaya (Per Kilogram),1.79
2012,Watermelon (Per Kilogram),1.34
2012,Grapes (Per Kilogram),7.88
2012,Orange (Each),0.34
2012,Apple (Each),0.4
2012,Pear (Each),0.93
2012,Broccoli (Per Kilogram),7.54
2012,Cabbage (Per Kilogram),1.91
2012,Chinese Kale (Kailan) (Per Kilogram),4.13
2012,Small Mustard (Chye Sim) (Per Kilogram),2.97
2012,Spinach (Bayam) (Per Kilogram),2.79
2012,Tomatoes (Per Kilogram),2
2012,Potatoes (Per Kilogram),1.71
2012,Carrots (Per Kilogram),1.96
2012,White Sugar (Per 2 Kilogram),3.34
2012,Instant Coffee (Per 200 Gram),10.07
2012,Aerated Soft Drinks (Per 4 Cans),na
2012,Non-aerated Soft Drinks (Per 6 Packets),2.38
2012,Beer (Per 6 Cans),na
2012,Cigarettes (Per Pack),10.8
2012,Coffee/tea Without Milk (Per Cup),na
2012,Coffee/tea With Milk (Per Cup),na
2012,Fishball Noodle (Per Bowl),na
2012,Mee Rebus (Per Bowl),na
2012,Chicken Rice (Per Plate),na
2012,Chicken Nasi Briyani (Per Plate),na
2012,Economical Rice (1 Meat & 2 Vegetables) (Per Plate),na
2012,Roti Prata (Plain) (Per Piece),na
2012,Fried Carrot Cake (Per Plate),na
2012,Ice Kachang (Per Bowl),na
2012,Diesel (Per Litre),1.5
2012,"Petrol, 98 Octane (Per Litre)",2.13
2012,"Petrol, 95 Octane (Per Litre)",2
2012,"Petrol, 92 Octane (Per Litre)",1.95
2012,Liquefied Petroleum Gas (LPG) (Per Kilogram),2.47
2013,Premium Thai Rice (Per 5 Kilogram),12.78
2013,Ordinary White Bread (Per 400 Gram),1.49
2013,Vitamin Enriched Bread (Per 400 Gram),1.68
2013,Wholemeal Bread (Per 400 Gram),na
2013,Instant Noodles (Per 5 Packets),2.23
2013,"Lean Pork, Chilled (Per Kilogram)",13.14
2013,"Streaky Pork, Chilled (Per Kilogram)",14.67
2013,"Pork Rib Bones, Chilled (Per Kilogram)",16.4
2013,"Beef, Chilled (Per Kilogram)",na
2013,"Mutton, Chilled (Per Kilogram)",17.89
2013,"Whole Chicken, Chilled (Per Kilogram)",5.96
2013,"Chicken Wing, Chilled (Per Kilogram)",na
2013,"Duck, Chilled (Per Kilogram)",6.87
2013,"Lean Pork, Frozen (Per 500 Gram)",na
2013,"Pork Rib Bones, Frozen (Per 500 Gram)",na
2013,Cod Fish (Per Kilogram),49.58
2013,Gold Banded Scad (Kuning) (Per Kilogram),6.57
2013,Flowery Grouper (Per Kilogram),14.63
2013,White Pomfret (Per Kilogram),24.7
2013,Salmon (Per Kilogram),26.23
2013,Sea Bass (Per Kilogram),12.29
2013,Sea Bream (Ang Ko Li) (Per Kilogram),8.43
2013,Golden Snapper (Per Kilogram),17.71
2013,Spanish Mackerel (Batang) (Per Kilogram),11.07
2013,Threadfin (Kurau) (Per Kilogram),48.53
2013,Small Prawns (Per Kilogram),11.69
2013,Medium Prawns (Per Kilogram),17.88
2013,Squids (Per Kilogram),11.97
2013,Fresh Milk (Per Litre),2.93
2013,Infant Milk Powder (Per 100 Gram),4.92
2013,Cheese (Per 12 Slices),4.85
2013,Hen Eggs (Per 10),1.94
2013,Cooking Oil (Per 2 Kilogram),5.67
2013,Bananas (Per Kilogram),1.81
2013,Papaya (Per Kilogram),1.92
2013,Watermelon (Per Kilogram),1.46
2013,Grapes (Per Kilogram),8.43
2013,Orange (Each),0.36
2013,Apple (Each),0.42
2013,Pear (Each),0.95
2013,Broccoli (Per Kilogram),7.38
2013,Cabbage (Per Kilogram),1.94
2013,Chinese Kale (Kailan) (Per Kilogram),4.31
2013,Small Mustard (Chye Sim) (Per Kilogram),3.04
2013,Spinach (Bayam) (Per Kilogram),2.81
2013,Tomatoes (Per Kilogram),2.2
2013,Potatoes (Per Kilogram),1.78
2013,Carrots (Per Kilogram),1.98
2013,White Sugar (Per 2 Kilogram),3.28
2013,Instant Coffee (Per 200 Gram),9.96
2013,Aerated Soft Drinks (Per 4 Cans),na
2013,Non-aerated Soft Drinks (Per 6 Packets),2.42
2013,Beer (Per 6 Cans),na
2013,Cigarettes (Per Pack),10.86
2013,Coffee/tea Without Milk (Per Cup),na
2013,Coffee/tea With Milk (Per Cup),na
2013,Fishball Noodle (Per Bowl),na
2013,Mee Rebus (Per Bowl),na
2013,Chicken Rice (Per Plate),na
2013,Chicken Nasi Briyani (Per Plate),na
2013,Economical Rice (1 Meat & 2 Vegetables) (Per Plate),na
2013,Roti Prata (Plain) (Per Piece),na
2013,Fried Carrot Cake (Per Plate),na
2013,Ice Kachang (Per Bowl),na
2013,Diesel (Per Litre),1.51
2013,"Petrol, 98 Octane (Per Litre)",2.2
2013,"Petrol, 95 Octane (Per Litre)",2.05
2013,"Petrol, 92 Octane (Per Litre)",1.99
2013,Liquefied Petroleum Gas (LPG) (Per Kilogram),2.51
2014,Premium Thai Rice (Per 5 Kilogram),13.07
2014,Ordinary White Bread (Per 400 Gram),1.57
2014,Vitamin Enriched Bread (Per 400 Gram),1.88
2014,Wholemeal Bread (Per 400 Gram),2.04
2014,Instant Noodles (Per 5 Packets),2.21
2014,"Lean Pork, Chilled (Per Kilogram)",13.21
2014,"Streaky Pork, Chilled (Per Kilogram)",14.88
2014,"Pork Rib Bones, Chilled (Per Kilogram)",16.44
2014,"Beef, Chilled (Per Kilogram)",22.65
2014,"Mutton, Chilled (Per Kilogram)",17.79
2014,"Whole Chicken, Chilled (Per Kilogram)",6.14
2014,"Chicken Wing, Chilled (Per Kilogram)",7.87
2014,"Duck, Chilled (Per Kilogram)",6.83
2014,"Lean Pork, Frozen (Per 500 Gram)",4.37
2014,"Pork Rib Bones, Frozen (Per 500 Gram)",5.12
2014,Cod Fish (Per Kilogram),48.6
2014,Gold Banded Scad (Kuning) (Per Kilogram),6.77
2014,Flowery Grouper (Per Kilogram),13.79
2014,White Pomfret (Per Kilogram),25.02
2014,Salmon (Per Kilogram),27.42
2014,Sea Bass (Per Kilogram),12.35
2014,Sea Bream (Ang Ko Li) (Per Kilogram),8.61
2014,Golden Snapper (Per Kilogram),18.04
2014,Spanish Mackerel (Batang) (Per Kilogram),11.36
2014,Threadfin (Kurau) (Per Kilogram),51.18
2014,Small Prawns (Per Kilogram),12.92
2014,Medium Prawns (Per Kilogram),18.69
2014,Squids (Per Kilogram),12.72
2014,Fresh Milk (Per Litre),2.87
2014,Infant Milk Powder (Per 100 Gram),5.67
2014,Cheese (Per 12 Slices),4.74
2014,Hen Eggs (Per 10),2.14
2014,Cooking Oil (Per 2 Kilogram),6.5
2014,Bananas (Per Kilogram),2.12
2014,Papaya (Per Kilogram),2.15
2014,Watermelon (Per Kilogram),1.65
2014,Grapes (Per Kilogram),8.92
2014,Orange (Each),0.35
2014,Apple (Each),0.45
2014,Pear (Each),0.97
2014,Broccoli (Per Kilogram),6.06
2014,Cabbage (Per Kilogram),2.01
2014,Chinese Kale (Kailan) (Per Kilogram),5.14
2014,Small Mustard (Chye Sim) (Per Kilogram),3.2
2014,Spinach (Bayam) (Per Kilogram),2.79
2014,Tomatoes (Per Kilogram),2.33
2014,Potatoes (Per Kilogram),1.95
2014,Carrots (Per Kilogram),2.04
2014,White Sugar (Per 2 Kilogram),3.19
2014,Instant Coffee (Per 200 Gram),9.94
2014,Aerated Soft Drinks (Per 4 Cans),2.5
2014,Non-aerated Soft Drinks (Per 6 Packets),2.49
2014,Beer (Per 6 Cans),17.07
2014,Cigarettes (Per Pack),11.82
2014,Coffee/tea Without Milk (Per Cup),0.96
2014,Coffee/tea With Milk (Per Cup),1.07
2014,Fishball Noodle (Per Bowl),3.15
2014,Mee Rebus (Per Bowl),2.99
2014,Chicken Rice (Per Plate),3.15
2014,Chicken Nasi Briyani (Per Plate),5.1
2014,Economical Rice (1 Meat & 2 Vegetables) (Per Plate),3.09
2014,Roti Prata (Plain) (Per Piece),0.96
2014,Fried Carrot Cake (Per Plate),2.79
2014,Ice Kachang (Per Bowl),1.89
2014,Diesel (Per Litre),1.5
2014,"Petrol, 98 Octane (Per Litre)",2.22
2014,"Petrol, 95 Octane (Per Litre)",2.05
2014,"Petrol, 92 Octane (Per Litre)",2
2014,Liquefied Petroleum Gas (LPG) (Per Kilogram),2.55
2015,Premium Thai Rice (Per 5 Kilogram),13.07
2015,Ordinary White Bread (Per 400 Gram),1.6
2015,Vitamin Enriched Bread (Per 400 Gram),1.88
2015,Wholemeal Bread (Per 400 Gram),2.04
2015,Instant Noodles (Per 5 Packets),2.19
2015,"Lean Pork, Chilled (Per Kilogram)",13.32
2015,"Streaky Pork, Chilled (Per Kilogram)",15.04
2015,"Pork Rib Bones, Chilled (Per Kilogram)",16.72
2015,"Beef, Chilled (Per Kilogram)",23.27
2015,"Mutton, Chilled (Per Kilogram)",18.15
2015,"Whole Chicken, Chilled (Per Kilogram)",6.11
2015,"Chicken Wing, Chilled (Per Kilogram)",7.89
2015,"Duck, Chilled (Per Kilogram)",6.95
2015,"Lean Pork, Frozen (Per 500 Gram)",4.32
2015,"Pork Rib Bones, Frozen (Per 500 Gram)",4.97
2015,Cod Fish (Per Kilogram),51.61
2015,Gold Banded Scad (Kuning) (Per Kilogram),6.96
2015,Flowery Grouper (Per Kilogram),13.88
2015,White Pomfret (Per Kilogram),26.29
2015,Salmon (Per Kilogram),27.26
2015,Sea Bass (Per Kilogram),11.97
2015,Sea Bream (Ang Ko Li) (Per Kilogram),8.6
2015,Golden Snapper (Per Kilogram),18.78
2015,Spanish Mackerel (Batang) (Per Kilogram),11.61
2015,Threadfin (Kurau) (Per Kilogram),52.93
2015,Small Prawns (Per Kilogram),13.19
2015,Medium Prawns (Per Kilogram),18.65
2015,Squids (Per Kilogram),13.3
2015,Fresh Milk (Per Litre),2.84
2015,Infant Milk Powder (Per 100 Gram),5.97
2015,Cheese (Per 12 Slices),4.77
2015,Hen Eggs (Per 10),2.22
2015,Cooking Oil (Per 2 Kilogram),6.31
2015,Bananas (Per Kilogram),2.18
2015,Papaya (Per Kilogram),1.96
2015,Watermelon (Per Kilogram),1.61
2015,Grapes (Per Kilogram),9.25
2015,Orange (Each),0.39
2015,Apple (Each),0.45
2015,Pear (Each),0.94
2015,Broccoli (Per Kilogram),5.9
2015,Cabbage (Per Kilogram),2.09
2015,Chinese Kale (Kailan) (Per Kilogram),5.17
2015,Small Mustard (Chye Sim) (Per Kilogram),3.18
2015,Spinach (Bayam) (Per Kilogram),2.78
2015,Tomatoes (Per Kilogram),2.37
2015,Potatoes (Per Kilogram),1.98
2015,Carrots (Per Kilogram),2.07
2015,White Sugar (Per 2 Kilogram),3.13
2015,Instant Coffee (Per 200 Gram),10.11
2015,Aerated Soft Drinks (Per 4 Cans),2.55
2015,Non-aerated Soft Drinks (Per 6 Packets),2.46
2015,Beer (Per 6 Cans),17.46
2015,Cigarettes (Per Pack),11.99
2015,Coffee/tea Without Milk (Per Cup),0.98
2015,Coffee/tea With Milk (Per Cup),1.09
2015,Fishball Noodle (Per Bowl),3.21
2015,Mee Rebus (Per Bowl),3.01
2015,Chicken Rice (Per Plate),3.21
2015,Chicken Nasi Briyani (Per Plate),5.18
2015,Economical Rice (1 Meat & 2 Vegetables) (Per Plate),3.15
2015,Roti Prata (Plain) (Per Piece),1
2015,Fried Carrot Cake (Per Plate),2.85
2015,Ice Kachang (Per Bowl),1.9
2015,Diesel (Per Litre),1.17
2015,"Petrol, 98 Octane (Per Litre)",2.19
2015,"Petrol, 95 Octane (Per Litre)",1.92
2015,"Petrol, 92 Octane (Per Litre)",1.87
2015,Liquefied Petroleum Gas (LPG) (Per Kilogram),2.33
2016,Premium Thai Rice (Per 5 Kilogram),13.13
2016,Ordinary White Bread (Per 400 Gram),1.62
2016,Vitamin Enriched Bread (Per 400 Gram),1.88
2016,Wholemeal Bread (Per 400 Gram),2.04
2016,Instant Noodles (Per 5 Packets),2.26
2016,"Lean Pork, Chilled (Per Kilogram)",13.81
2016,"Streaky Pork, Chilled (Per Kilogram)",15.76
2016,"Pork Rib Bones, Chilled (Per Kilogram)",17.2
2016,"Beef, Chilled (Per Kilogram)",23.86
2016,"Mutton, Chilled (Per Kilogram)",18.27
2016,"Whole Chicken, Chilled (Per Kilogram)",6.35
2016,"Chicken Wing, Chilled (Per Kilogram)",8.04
2016,"Duck, Chilled (Per Kilogram)",7.09
2016,"Lean Pork, Frozen (Per 500 Gram)",4.23
2016,"Pork Rib Bones, Frozen (Per 500 Gram)",4.78
2016,Cod Fish (Per Kilogram),59.51
2016,Gold Banded Scad (Kuning) (Per Kilogram),6.98
2016,Flowery Grouper (Per Kilogram),14.44
2016,White Pomfret (Per Kilogram),27.66
2016,Salmon (Per Kilogram),28.87
2016,Sea Bass (Per Kilogram),12.45
2016,Sea Bream (Ang Ko Li) (Per Kilogram),8.81
2016,Golden Snapper (Per Kilogram),18.66
2016,Spanish Mackerel (Batang) (Per Kilogram),11.57
2016,Threadfin (Kurau) (Per Kilogram),56.95
2016,Small Prawns (Per Kilogram),13.39
2016,Medium Prawns (Per Kilogram),18.8
2016,Squids (Per Kilogram),14.51
2016,Fresh Milk (Per Litre),2.81
2016,Infant Milk Powder (Per 100 Gram),6.23
2016,Cheese (Per 12 Slices),4.56
2016,Hen Eggs (Per 10),2.17
2016,Cooking Oil (Per 2 Kilogram),6
2016,Bananas (Per Kilogram),2.31
2016,Papaya (Per Kilogram),1.97
2016,Watermelon (Per Kilogram),1.52
2016,Grapes (Per Kilogram),9.26
2016,Orange (Each),0.43
2016,Apple (Each),0.43
2016,Pear (Each),0.99
2016,Broccoli (Per Kilogram),6.31
2016,Cabbage (Per Kilogram),2.26
2016,Chinese Kale (Kailan) (Per Kilogram),5.89
2016,Small Mustard (Chye Sim) (Per Kilogram),3.32
2016,Spinach (Bayam) (Per Kilogram),2.81
2016,Tomatoes (Per Kilogram),2.25
2016,Potatoes (Per Kilogram),2.07
2016,Carrots (Per Kilogram),2.13
2016,White Sugar (Per 2 Kilogram),3.09
2016,Instant Coffee (Per 200 Gram),10.27
2016,Aerated Soft Drinks (Per 4 Cans),2.57
2016,Non-aerated Soft Drinks (Per 6 Packets),2.4
2016,Beer (Per 6 Cans),17.28
2016,Cigarettes (Per Pack),12.04
2016,Coffee/tea Without Milk (Per Cup),1
2016,Coffee/tea With Milk (Per Cup),1.11
2016,Fishball Noodle (Per Bowl),3.26
2016,Mee Rebus (Per Bowl),3.07
2016,Chicken Rice (Per Plate),3.25
2016,Chicken Nasi Briyani (Per Plate),5.32
2016,Economical Rice (1 Meat & 2 Vegetables) (Per Plate),3.22
2016,Roti Prata (Plain) (Per Piece),1.02
2016,Fried Carrot Cake (Per Plate),2.89
2016,Ice Kachang (Per Bowl),1.93
2016,Diesel (Per Litre),1.04
2016,"Petrol, 98 Octane (Per Litre)",2.17
2016,"Petrol, 95 Octane (Per Litre)",1.82
2016,"Petrol, 92 Octane (Per Litre)",1.77
2016,Liquefied Petroleum Gas (LPG) (Per Kilogram),2.36
2017,Premium Thai Rice (Per 5 Kilogram),13.01
2017,Ordinary White Bread (Per 400 Gram),1.63
2017,Vitamin Enriched Bread (Per 400 Gram),1.8
2017,Wholemeal Bread (Per 400 Gram),2.04
2017,Instant Noodles (Per 5 Packets),2.26
2017,"Lean Pork, Chilled (Per Kilogram)",13.7
2017,"Streaky Pork, Chilled (Per Kilogram)",15.73
2017,"Pork Rib Bones, Chilled (Per Kilogram)",17.33
2017,"Beef, Chilled (Per Kilogram)",24.24
2017,"Mutton, Chilled (Per Kilogram)",18.27
2017,"Whole Chicken, Chilled (Per Kilogram)",6.58
2017,"Chicken Wing, Chilled (Per Kilogram)",8.03
2017,"Duck, Chilled (Per Kilogram)",7.33
2017,"Lean Pork, Frozen (Per 500 Gram)",4.36
2017,"Pork Rib Bones, Frozen (Per 500 Gram)",5
2017,Cod Fish (Per Kilogram),65.05
2017,Gold Banded Scad (Kuning) (Per Kilogram),7.25
2017,Flowery Grouper (Per Kilogram),14.19
2017,White Pomfret (Per Kilogram),28.69
2017,Salmon (Per Kilogram),31.28
2017,Sea Bass (Per Kilogram),12.19
2017,Sea Bream (Ang Ko Li) (Per Kilogram),9.01
2017,Golden Snapper (Per Kilogram),18.57
2017,Spanish Mackerel (Batang) (Per Kilogram),12.2
2017,Threadfin (Kurau) (Per Kilogram),57.28
2017,Small Prawns (Per Kilogram),14.07
2017,Medium Prawns (Per Kilogram),19.15
2017,Squids (Per Kilogram),14.97
2017,Fresh Milk (Per Litre),2.81
2017,Infant Milk Powder (Per 100 Gram),6.29
2017,Cheese (Per 12 Slices),4.48
2017,Hen Eggs (Per 10),2.09
2017,Cooking Oil (Per 2 Kilogram),5.96
2017,Bananas (Per Kilogram),2.35
2017,Papaya (Per Kilogram),1.96
2017,Watermelon (Per Kilogram),1.55
2017,Grapes (Per Kilogram),9.69
2017,Orange (Each),0.44
2017,Apple (Each),0.42
2017,Pear (Each),1.01
2017,Broccoli (Per Kilogram),6.09
2017,Cabbage (Per Kilogram),2.25
2017,Chinese Kale (Kailan) (Per Kilogram),5.82
2017,Small Mustard (Chye Sim) (Per Kilogram),3.33
2017,Spinach (Bayam) (Per Kilogram),2.88
2017,Tomatoes (Per Kilogram),2.27
2017,Potatoes (Per Kilogram),2.18
2017,Carrots (Per Kilogram),2.16
2017,White Sugar (Per 2 Kilogram),3.19
2017,Instant Coffee (Per 200 Gram),10.34
2017,Aerated Soft Drinks (Per 4 Cans),2.59
2017,Non-aerated Soft Drinks (Per 6 Packets),2.33
2017,Beer (Per 6 Cans),16.78
2017,Cigarettes (Per Pack),12.11
2017,Coffee/tea Without Milk (Per Cup),1.03
2017,Coffee/tea With Milk (Per Cup),1.14
2017,Fishball Noodle (Per Bowl),3.31
2017,Mee Rebus (Per Bowl),3.16
2017,Chicken Rice (Per Plate),3.29
2017,Chicken Nasi Briyani (Per Plate),5.51
2017,Economical Rice (1 Meat & 2 Vegetables) (Per Plate),3.27
2017,Roti Prata (Plain) (Per Piece),1.05
2017,Fried Carrot Cake (Per Plate),2.94
2017,Ice Kachang (Per Bowl),1.97
2017,Diesel (Per Litre),1.34
2017,"Petrol, 98 Octane (Per Litre)",2.33
2017,"Petrol, 95 Octane (Per Litre)",2
2017,"Petrol, 92 Octane (Per Litre)",1.95
2017,Liquefied Petroleum Gas (LPG) (Per Kilogram),2.56
2018,Premium Thai Rice (Per 5 Kilogram),13.06
2018,Ordinary White Bread (Per 400 Gram),1.68
2018,Vitamin Enriched Bread (Per 400 Gram),1.83
2018,Wholemeal Bread (Per 400 Gram),2.03
2018,Instant Noodles (Per 5 Packets),2.27
2018,"Lean Pork, Chilled (Per Kilogram)",13.73
2018,"Streaky Pork, Chilled (Per Kilogram)",15.78
2018,"Pork Rib Bones, Chilled (Per Kilogram)",17.31
2018,"Beef, Chilled (Per Kilogram)",24.89
2018,"Mutton, Chilled (Per Kilogram)",18.53
2018,"Whole Chicken, Chilled (Per Kilogram)",6.44
2018,"Chicken Wing, Chilled (Per Kilogram)",8.05
2018,"Duck, Chilled (Per Kilogram)",7.38
2018,"Lean Pork, Frozen (Per 500 Gram)",4.35
2018,"Pork Rib Bones, Frozen (Per 500 Gram)",4.89
2018,Cod Fish (Per Kilogram),65.39
2018,Gold Banded Scad (Kuning) (Per Kilogram),7.92
2018,Flowery Grouper (Per Kilogram),13.78
2018,White Pomfret (Per Kilogram),29.68
2018,Salmon (Per Kilogram),30.96
2018,Sea Bass (Per Kilogram),11.99
2018,Sea Bream (Ang Ko Li) (Per Kilogram),9.85
2018,Golden Snapper (Per Kilogram),18.95
2018,Spanish Mackerel (Batang) (Per Kilogram),12.4
2018,Threadfin (Kurau) (Per Kilogram),59.01
2018,Small Prawns (Per Kilogram),14.45
2018,Medium Prawns (Per Kilogram),19.6
2018,Squids (Per Kilogram),16.24
2018,Fresh Milk (Per Litre),2.86
2018,Infant Milk Powder (Per 100 Gram),6.31
2018,Cheese (Per 12 Slices),4.74
2018,Hen Eggs (Per 10),2.14
2018,Cooking Oil (Per 2 Kilogram),5.96
2018,Bananas (Per Kilogram),2.34
2018,Papaya (Per Kilogram),2.17
2018,Watermelon (Per Kilogram),1.65
2018,Grapes (Per Kilogram),9.89
2018,Orange (Each),0.44
2018,Apple (Each),0.43
2018,Pear (Each),1.03
2018,Broccoli (Per Kilogram),5.68
2018,Cabbage (Per Kilogram),2.23
2018,Chinese Kale (Kailan) (Per Kilogram),5.54
2018,Small Mustard (Chye Sim) (Per Kilogram),3.46
2018,Spinach (Bayam) (Per Kilogram),3.03
2018,Tomatoes (Per Kilogram),2.25
2018,Potatoes (Per Kilogram),2.23
2018,Carrots (Per Kilogram),2.16
2018,White Sugar (Per 2 Kilogram),3.22
2018,Instant Coffee (Per 200 Gram),10.12
2018,Aerated Soft Drinks (Per 4 Cans),2.62
2018,Non-aerated Soft Drinks (Per 6 Packets),2.37
2018,Beer (Per 6 Cans),16.32
2018,Cigarettes (Per Pack),13.02
2018,Coffee/tea Without Milk (Per Cup),1.04
2018,Coffee/tea With Milk (Per Cup),1.15
2018,Fishball Noodle (Per Bowl),3.38
2018,Mee Rebus (Per Bowl),3.22
2018,Chicken Rice (Per Plate),3.36
2018,Chicken Nasi Briyani (Per Plate),5.56
2018,Economical Rice (1 Meat & 2 Vegetables) (Per Plate),3.29
2018,Roti Prata (Plain) (Per Piece),1.07
2018,Fried Carrot Cake (Per Plate),3.01
2018,Ice Kachang (Per Bowl),1.98
2018,Diesel (Per Litre),1.56
2018,"Petrol, 98 Octane (Per Litre)",2.47
2018,"Petrol, 95 Octane (Per Litre)",2.14
2018,"Petrol, 92 Octane (Per Litre)",2.08
2018,Liquefied Petroleum Gas (LPG) (Per Kilogram),2.66
2019,Premium Thai Rice (Per 5 Kilogram),13.42
2019,Ordinary White Bread (Per 400 Gram),1.73
2019,Vitamin Enriched Bread (Per 400 Gram),1.65
2019,Wholemeal Bread (Per 400 Gram),2.07
2019,Instant Noodles (Per 5 Packets),2.24
2019,"Lean Pork, Chilled (Per Kilogram)",13.97
2019,"Streaky Pork, Chilled (Per Kilogram)",15.67
2019,"Pork Rib Bones, Chilled (Per Kilogram)",16.91
2019,"Beef, Chilled (Per Kilogram)",24.91
2019,"Mutton, Chilled (Per Kilogram)",19.9
2019,"Whole Chicken, Chilled (Per Kilogram)",6.36
2019,"Chicken Wing, Chilled (Per Kilogram)",8.4
2019,"Duck, Chilled (Per Kilogram)",7.04
2019,"Lean Pork, Frozen (Per 500 Gram)",4.33
2019,"Pork Rib Bones, Frozen (Per 500 Gram)",4.55
2019,Cod Fish (Per Kilogram),66.06
2019,Gold Banded Scad (Kuning) (Per Kilogram),8.26
2019,Flowery Grouper (Per Kilogram),14.13
2019,White Pomfret (Per Kilogram),29.06
2019,Salmon (Per Kilogram),30.09
2019,Sea Bass (Per Kilogram),11.93
2019,Sea Bream (Ang Ko Li) (Per Kilogram),9.96
2019,Golden Snapper (Per Kilogram),18.45
2019,Spanish Mackerel (Batang) (Per Kilogram),12.77
2019,Threadfin (Kurau) (Per Kilogram),59.63
2019,Small Prawns (Per Kilogram),14.9
2019,Medium Prawns (Per Kilogram),19.68
2019,Squids (Per Kilogram),17.02
2019,Fresh Milk (Per Litre),3.21
2019,Infant Milk Powder (Per 100 Gram),6.14
2019,Cheese (Per 12 Slices),5.89
2019,Hen Eggs (Per 10),2.39
2019,Cooking Oil (Per 2 Kilogram),5.82
2019,Bananas (Per Kilogram),2.38
2019,Papaya (Per Kilogram),2.21
2019,Watermelon (Per Kilogram),1.6
2019,Grapes (Per Kilogram),10.22
2019,Orange (Each),0.56
2019,Apple (Each),0.43
2019,Pear (Each),1.29
2019,Broccoli (Per Kilogram),5.61
2019,Cabbage (Per Kilogram),2.31
2019,Chinese Kale (Kailan) (Per Kilogram),5.05
2019,Small Mustard (Chye Sim) (Per Kilogram),3.77
2019,Spinach (Bayam) (Per Kilogram),3.46
2019,Tomatoes (Per Kilogram),2.2
2019,Potatoes (Per Kilogram),2.26
2019,Carrots (Per Kilogram),2.08
2019,White Sugar (Per 2 Kilogram),3.05
2019,Instant Coffee (Per 200 Gram),10.18
2019,Aerated Soft Drinks (Per 4 Cans),2.75
2019,Non-aerated Soft Drinks (Per 6 Packets),2.39
2019,Beer (Per 6 Cans),16.15
2019,Cigarettes (Per Pack),13.08
2019,Coffee/tea Without Milk (Per Cup),1.06
2019,Coffee/tea With Milk (Per Cup),1.17
2019,Fishball Noodle (Per Bowl),3.46
2019,Mee Rebus (Per Bowl),3.26
2019,Chicken Rice (Per Plate),3.4
2019,Chicken Nasi Briyani (Per Plate),5.58
2019,Economical Rice (1 Meat & 2 Vegetables) (Per Plate),3.34
2019,Roti Prata (Plain) (Per Piece),1.09
2019,Fried Carrot Cake (Per Plate),3.05
2019,Ice Kachang (Per Bowl),2.03
2019,Diesel (Per Litre),1.68
2019,"Petrol, 98 Octane (Per Litre)",2.5
2019,"Petrol, 95 Octane (Per Litre)",2.12
2019,"Petrol, 92 Octane (Per Litre)",2.08
2019,Liquefied Petroleum Gas (LPG) (Per Kilogram),2.65
2020,Premium Thai Rice (Per 5 Kilogram),13.75
2020,Ordinary White Bread (Per 400 Gram),1.74
2020,Vitamin Enriched Bread (Per 400 Gram),1.63
2020,Wholemeal Bread (Per 400 Gram),2.1
2020,Instant Noodles (Per 5 Packets),2.3
2020,"Lean Pork, Chilled (Per Kilogram)",15.32
2020,"Streaky Pork, Chilled (Per Kilogram)",17.19
2020,"Pork Rib Bones, Chilled (Per Kilogram)",18.51
2020,"Beef, Chilled (Per Kilogram)",25.18
2020,"Mutton, Chilled (Per Kilogram)",22.03
2020,"Whole Chicken, Chilled (Per Kilogram)",6.32
2020,"Chicken Wing, Chilled (Per Kilogram)",8.43
2020,"Duck, Chilled (Per Kilogram)",7.17
2020,"Lean Pork, Frozen (Per 500 Gram)",4.9
2020,"Pork Rib Bones, Frozen (Per 500 Gram)",5.88
2020,Cod Fish (Per Kilogram),65.63
2020,Gold Banded Scad (Kuning) (Per Kilogram),8.21
2020,Flowery Grouper (Per Kilogram),13.75
2020,White Pomfret (Per Kilogram),30.15
2020,Salmon (Per Kilogram),29.83
2020,Sea Bass (Per Kilogram),11.7
2020,Sea Bream (Ang Ko Li) (Per Kilogram),9.93
2020,Golden Snapper (Per Kilogram),18.79
2020,Spanish Mackerel (Batang) (Per Kilogram),12.95
2020,Threadfin (Kurau) (Per Kilogram),60.32
2020,Small Prawns (Per Kilogram),15.28
2020,Medium Prawns (Per Kilogram),20.12
2020,Squids (Per Kilogram),17.72
2020,Fresh Milk (Per Litre),3.33
2020,Infant Milk Powder (Per 100 Gram),6.16
2020,Cheese (Per 12 Slices),5.77
2020,Hen Eggs (Per 10),2.4
2020,Cooking Oil (Per 2 Kilogram),6.21
2020,Bananas (Per Kilogram),2.43
2020,Papaya (Per Kilogram),2.2
2020,Watermelon (Per Kilogram),1.59
2020,Grapes (Per Kilogram),11.18
2020,Orange (Each),0.59
2020,Apple (Each),0.43
2020,Pear (Each),1.28
2020,Broccoli (Per Kilogram),5.7
2020,Cabbage (Per Kilogram),2.34
2020,Chinese Kale (Kailan) (Per Kilogram),5.19
2020,Small Mustard (Chye Sim) (Per Kilogram),3.98
2020,Spinach (Bayam) (Per Kilogram),3.57
2020,Tomatoes (Per Kilogram),2.63
2020,Potatoes (Per Kilogram),2.41
2020,Carrots (Per Kilogram),2.03
2020,White Sugar (Per 2 Kilogram),3.08
2020,Instant Coffee (Per 200 Gram),10.19
2020,Aerated Soft Drinks (Per 4 Cans),2.91
2020,Non-aerated Soft Drinks (Per 6 Packets),2.56
2020,Beer (Per 6 Cans),15.61
2020,Cigarettes (Per Pack),13.06
2020,Coffee/tea Without Milk (Per Cup),1.07
2020,Coffee/tea With Milk (Per Cup),1.17
2020,Fishball Noodle (Per Bowl),3.5
2020,Mee Rebus (Per Bowl),3.3
2020,Chicken Rice (Per Plate),3.47
2020,Chicken Nasi Briyani (Per Plate),5.65
2020,Economical Rice (1 Meat & 2 Vegetables) (Per Plate),3.37
2020,Roti Prata (Plain) (Per Piece),1.11
2020,Fried Carrot Cake (Per Plate),3.09
2020,Ice Kachang (Per Bowl),2.07
2020,Diesel (Per Litre),1.57
2020,"Petrol, 98 Octane (Per Litre)",2.36
2020,"Petrol, 95 Octane (Per Litre)",1.95
2020,"Petrol, 92 Octane (Per Litre)",1.91
2020,Liquefied Petroleum Gas (LPG) (Per Kilogram),2.8